{"startTime":0,"grades":{"myPossibleMoves":[31.17102085659265,0.4623989067728648],"opponentPossibleMoves":[4.028567033551832,0.3305189572765031],"myPharaohDefense":[107.4603646344469,0.4833994628609766],"enemyPharaohDefense":[70.83125967904803,1.4613128368147197],"enemyNum":[2.4312371294849835,1.5633178082383672,3.6297490428812136],"alliesNum":[48.55892780247694,37.48418232546299,0.823059143489381],"powerEnemy":[0.33538935274882853,3.1430438161469048,0.15276186341235434],"powerAllies":[1.1206055158113037,1.0483072801001938,1.2267695671674992]}}

