{"startTime":0,"grades":{"myPossibleMoves":[20.40951355459681,1.1919044585092298],"opponentPossibleMoves":[4.582233802291191,0.004062722114386736],"myPharaohDefense":[15.937209428779415,1.3556381043448886],"enemyPharaohDefense":[0.2180955663766384,0.5978211923514041],"enemyNum":[91.95161685546236,107.70510177044096,0.264930157501514],"alliesNum":[99.81456343717949,28.265724320564413,0.5397558254847314],"powerEnemy":[0.7705841429292491,0.9838582388741983,1.323311204173994],"powerAllies":[0.24291307990187888,0.059872079700291264,2.058804831895683]}}

