{"startTime":0,"grades":{"myPossibleMoves":[90.93270899029164,0.513414477829242],"opponentPossibleMoves":[55.404173263095856,0.9431199400568819],"myPharaohDefense":[83.9298781655365,1.33914001307663],"enemyPharaohDefense":[6.64955916231873,1.524424833531611],"enemyNum":[3.8362159074400215,11.129034266720161,1.0],"alliesNum":[96.81527589213434,81.35559029184599,1.0],"powerEnemy":[1.7549262677362807,0.5650488233064228,1.0],"powerAllies":[0.45011816181468234,0.578454162651415,1.0]}}
generation 0
