{"startTime":0,"grades":{"myPossibleMoves":[1.5906947218182135,0.07756061410236154],"opponentPossibleMoves":[165.81846294449775,0.006781166010157142],"myPharaohDefense":[27.52269937422113,1.218347645987387],"enemyPharaohDefense":[53.82782416498435,0.12255183522484016],"enemyNum":[21.93524977655,62.569960815032125,0.04335185008855176],"alliesNum":[98.86774242857358,56.90905137453863,0.3482009401419195],"powerEnemy":[1.468366783945463,5.378504659804745,0.29285472143870883],"powerAllies":[0.13209955724431924,3.6433437662214354,0.7623186752649495]}}

