{"startTime":0,"grades":{"myPossibleMoves":[1.325381947987139,0.105011412576483],"opponentPossibleMoves":[127.1162498447915,0.0197418220145315],"myPharaohDefense":[32.165292242854,1.186758695112370],"enemyPharaohDefense":[47.379484047374,0.029601815367845],"enemyNum":[19.8358794579789,40.182550475972322,0.96785371251618],"alliesNum":[71.243355469879,28.8234159674221,0.5564582133009737],"powerEnemy":[2.12088402390777,4.95130110665149,0.400184316745915674],"powerAllies":[0.0921651651322005,5.0565429081197,1.1564213540848078]}}

