{"startTime":0,"grades":{"myPossibleMoves":[155.84063757901663,2.2457284454154594],"opponentPossibleMoves":[4.3859919866004455,0.30686660384808484],"myPharaohDefense":[40.88411023682187,0.2427536833903354],"enemyPharaohDefense":[36.03186534771718,5.709519590542477],"enemyNum":[109.70987708560507,97.24643447630616,0.8630865129997947],"alliesNum":[17.209692458328803,13.956663744217886,0.021096170090398606],"powerEnemy":[0.0795828425153273,1.0250773691325663,0.5944253123258887],"powerAllies":[3.6610671090626417,1.155049615249321,0.2152365404901731]}}

