{"startTime":0,"grades":{"myPossibleMoves":[11.243059720991758,0.045318949782516625],"opponentPossibleMoves":[5.336696899720095,0.3214968912463272],"myPharaohDefense":[19.866567812507416,0.43739961494967516],"enemyPharaohDefense":[3.742149585538661,0.5704309717865506],"enemyNum":[41.55231973193193,121.55321603013395,1.9599920633487156],"alliesNum":[50.5991597179322,1.0866689283460538,0.1997924225581787],"powerEnemy":[0.1700037628527013,0.24269407752853572,0.18441651416855298],"powerAllies":[1.2704428716346614,2.4561023159480033,0.19412649711710472]}}

