{"startTime":0,"grades":{"myPossibleMoves":[116.92384805755142,0.6354577603943176],"opponentPossibleMoves":[61.02475325584477,2.372134306962985],"myPharaohDefense":[3.5038239983623534,0.045048508159185374],"enemyPharaohDefense":[163.85703211458915,4.655013671574392],"enemyNum":[74.24143887463121,11.841010731893872,0.8324248793892102],"alliesNum":[7.702084658281618,23.154103097894694,0.06495994164095217],"powerEnemy":[0.05813773017837598,1.6144318008396026,0.8249537993896647],"powerAllies":[0.4114693612611856,0.1456156948841423,0.20620717382892198]}}

