{"startTime":0,"grades":{"riskFactor":1.7965232399206144,"myPossibleMoves":[45.96926438553252,5.308972608003738],"opponentPossibleMoves":[56.777260456438796,146.3052591936785],"myPharaohDefense":[4.06144806178609,167.28841691776782],"enemyPharaohDefense":[62.48229845224969,41.192070879724795],"enemyNum":[0.021176792213518127,71.35159507976543,0.7447616565684614],"alliesNum":[16.95158866948255,90.71632418375607,18.70545551760774],"powerEnemy":[31.66703821824982,53.617120450740146,32.05207985287698],"powerAllies":[0.34694264850800083,16.24751162833094,12.503468552928313]}}

