{"startTime":0,"grades":{"myPossibleMoves":[36.04252625039272,0.5648135479376625],"opponentPossibleMoves":[58.16705294657391,0.07766374929793238],"myPharaohDefense":[45.01701123075119,1.3955285573472533],"enemyPharaohDefense":[41.043668494580025,0.028671132708915276],"enemyNum":[93.36777146845598,88.98053419429341,1.0798477405171156],"alliesNum":[78.23659713756918,42.655928792270856,1.8975149356731473],"powerEnemy":[3.3917907340436857,0.35246802041733327,0.8048252878339923],"powerAllies":[1.4729596131597822,2.912676485749566,2.178103673010592]}}

