{"startTime":0,"grades":{"myPossibleMoves":[26.118192305911172,0.213504926317043],"opponentPossibleMoves":[43.832976669919915,0.16263250730976508],"myPharaohDefense":[36.65710956742357,0.19964031478036623],"enemyPharaohDefense":[12.151819655538418,0.27161416540506433],"enemyNum":[4.46571476161702,33.462469991309945,0.751428521109151],"alliesNum":[99.51555720271385,12.601234074227508,0.8675320227664283],"powerEnemy":[0.008919239079345845,0.6664019458347601,1.3323868052042203],"powerAllies":[0.014188335540876586,1.580531591886678,1.1151427398815654]}}

