{"startTime":0,"grades":{"myPossibleMoves":[72.84162559165858,0.47064242781628624],"opponentPossibleMoves":[92.86569517822436,0.2045589165772069],"myPharaohDefense":[14.785575689504105,4.543110302364392],"enemyPharaohDefense":[84.42200166765721,0.1613877891851717],"enemyNum":[37.431589237008666,30.161541555165968,0.7591052918569438],"alliesNum":[25.161972824920433,8.635795528051013,2.704036245133772],"powerEnemy":[0.5735423524324071,0.07255346506491124,0.968650803201143],"powerAllies":[0.3994936106259873,0.12080793735668971,0.03349578908286488]}}

