{"startTime":0,"grades":{"myPossibleMoves":[1.1368916849923796,0.3623923879206116],"opponentPossibleMoves":[0.8240256988681465,0.2715365242707933],"myPharaohDefense":[114.46580682067716,0.6503620325992407],"enemyPharaohDefense":[2.944016836013565,0.3445577414000676],"enemyNum":[39.93996288518578,0.40389901277328843,0.48043574477451817],"alliesNum":[86.27176305204401,11.671880857008762,1.0024023371671613],"powerEnemy":[1.1496702924289994,1.7328799489822053,0.4231561267188615],"powerAllies":[2.8046283005414483,0.2062034794674457,1.2536494815966757]}}

