{"startTime":0,"grades":{"myPossibleMoves":[43.04640754195944,1.057251800249474],"opponentPossibleMoves":[12.953988371443623,0.6236895918883034],"myPharaohDefense":[27.318531919235443,3.204937322196385],"enemyPharaohDefense":[29.82113310088935,3.6055868043078085],"enemyNum":[9.365661416265393,88.4045286902852,0.873893739264349],"alliesNum":[71.46295856710786,132.82074879161192,0.3510488130784718],"powerEnemy":[1.3425535273822102,1.7749806131361312,0.10095903003847405],"powerAllies":[0.826212640635187,0.7864068497331423,0.22739637422410255]}}

