{"startTime":0,"grades":{"myPossibleMoves":[1.385998187881755,0.06440616899393423],"opponentPossibleMoves":[88.56787680371855,0.6693297262640511],"myPharaohDefense":[96.7312688302152,2.4737870133810036],"enemyPharaohDefense":[124.22151213100317,0.0331563976678584],"enemyNum":[18.988450861784454,6.318825866686409,1.2126405919277334],"alliesNum":[64.88471639463464,73.67299077321084,1.1021401327743323],"powerEnemy":[0.6973681265903402,2.0733000908868733,0.43270462168388285],"powerAllies":[1.8480618902389334,2.084778767218323,0.8598657954954747]}}

