{"startTime":0,"grades":{"myPossibleMoves":[99.63150648928473,1.6021779339678914],"opponentPossibleMoves":[43.33846608151677,0.9361979740203774],"myPharaohDefense":[95.84313353588259,1.125544148117563],"enemyPharaohDefense":[26.90754393570084,0.07928948003574052],"enemyNum":[2.5263204464295903,126.31702944224692,1.537388184466922],"alliesNum":[13.939942692330078,238.64894802416254,1.2608726167887914],"powerEnemy":[1.3420863020599474,1.9747513638139695,0.4214221544429385],"powerAllies":[1.6691024402576928,0.20666313828251173,0.7126512319106733]}}

