{"startTime":0,"grades":{"riskFactor":0.19716614586223508,"myPossibleMoves":[10.91799611793907,15.702358524049826],"opponentPossibleMoves":[8.247480265334403,41.08684995723165],"myPharaohDefense":[344.463993931563,205.71955909490978],"enemyPharaohDefense":[0.2381225363792877,5.360555847755926],"enemyNum":[45.896235001132254,189.0299538954159,8.394210235538344],"alliesNum":[35.18107696783855,24.115975480412892,18.702122812133126],"powerEnemy":[44.96584564581617,1.474066205039306,0.5291460921812899],"powerAllies":[5.05955640506629,116.3255064115826,35.14154924628407]}}

